geo_id,zone_code,sp23,nomsp,cmm
1,2452017.00,7601,Lavaltrie; Lanoraie,0
2,2453040.00,8533,Saint-Joseph-de-Sorel; Saint-Roch-de-Richelieu; Sorel-Tracy,0
3,2453050.00,8533,Saint-Joseph-de-Sorel; Saint-Roch-de-Richelieu; Sorel-Tracy,0
4,2453052.00,8533,Saint-Joseph-de-Sorel; Saint-Roch-de-Richelieu; Sorel-Tracy,0
5,2455048.00,8501,"Marieville; Richelieu, Saint-Mathias-sur-Richelieu",0
6,2457033.00,8524,Mont-Saint-Hilaire; Otterburn Park; Saint-Jean-Baptiste,1
7,2457050.00,8525,Saint-Charles-sur-Richelieu; Saint-Marc-sur-Richelieu; Saint-Antoine-sur-Richelieu; Saint-Denis-sur-Richelieu,0
8,2457057.00,8525,Saint-Charles-sur-Richelieu; Saint-Marc-sur-Richelieu; Saint-Antoine-sur-Richelieu; Saint-Denis-sur-Richelieu,0
9,2457068.00,8525,Saint-Charles-sur-Richelieu; Saint-Marc-sur-Richelieu; Saint-Antoine-sur-Richelieu; Saint-Denis-sur-Richelieu,0
10,2457075.00,8525,Saint-Charles-sur-Richelieu; Saint-Marc-sur-Richelieu; Saint-Antoine-sur-Richelieu; Saint-Denis-sur-Richelieu,0
11,2459030.00,8532,Verchères; Calixa-Lavallée; Varennes; Contrecoeur,1
12,2459035.00,8532,Verchères; Calixa-Lavallée; Varennes; Contrecoeur,1
13,2461005.00,7602,Crabtree; Joliette; Saint-Paul; Saint-Pierre; Saint-Thomas,0
14,2461013.00,7602,Crabtree; Joliette; Saint-Paul; Saint-Pierre; Saint-Thomas,0
15,2461020.00,7602,Crabtree; Joliette; Saint-Paul; Saint-Pierre; Saint-Thomas,0
16,2461025.00,7602,Crabtree; Joliette; Saint-Paul; Saint-Pierre; Saint-Thomas,0
17,2461027.00,7602,Crabtree; Joliette; Saint-Paul; Saint-Pierre; Saint-Thomas,0
18,2461030.00,7603,Saint-Charles-Borromée; Notre-Dame-des-Prairies,0
19,2461035.00,7603,Saint-Charles-Borromée; Notre-Dame-des-Prairies,0
20,2461040.00,,,
21,2461045.00,,,
22,2461050.00,,,
23,2462037.00,7673,Rawdon,0
24,2463005.00,7672,"Saint-Alexis; Saint-Esprit, Saint-Jacques, Saint-Liguori; Saint-Roch-de-l'Achigan; Saint-Roch-Ouest; Sainte-Julienne; Sainte-Marie-Salomé",0
25,2463013.00,7672,"Saint-Alexis; Saint-Esprit, Saint-Jacques, Saint-Liguori; Saint-Roch-de-l'Achigan; Saint-Roch-Ouest; Sainte-Julienne; Sainte-Marie-Salomé",0
26,2463023.00,7672,"Saint-Alexis; Saint-Esprit, Saint-Jacques, Saint-Liguori; Saint-Roch-de-l'Achigan; Saint-Roch-Ouest; Sainte-Julienne; Sainte-Marie-Salomé",0
27,2463030.00,7672,"Saint-Alexis; Saint-Esprit, Saint-Jacques, Saint-Liguori; Saint-Roch-de-l'Achigan; Saint-Roch-Ouest; Sainte-Julienne; Sainte-Marie-Salomé",0
28,2463040.00,7672,"Saint-Alexis; Saint-Esprit, Saint-Jacques, Saint-Liguori; Saint-Roch-de-l'Achigan; Saint-Roch-Ouest; Sainte-Julienne; Sainte-Marie-Salomé",0
29,2463055.00,7671,Saint-Calixte; Saint-Lin-Laurentides,0
30,2463060.00,7672,"Saint-Alexis; Saint-Esprit, Saint-Jacques, Saint-Liguori; Saint-Roch-de-l'Achigan; Saint-Roch-Ouest; Sainte-Julienne; Sainte-Marie-Salomé",0
31,2463065.00,7672,"Saint-Alexis; Saint-Esprit, Saint-Jacques, Saint-Liguori; Saint-Roch-de-l'Achigan; Saint-Roch-Ouest; Sainte-Julienne; Sainte-Marie-Salomé",0
32,2467005.00,,,
33,2467010.00,,,
34,2467035.00,8544,Saint-Constant,1
35,2468025.00,8551,Saint-Édouard; Saint-Michel; Saint-Rémi; Saint-Patrice-de-Sherrington; Saint-Jacques-le-Mineur,0
36,2468040.00,8551,Saint-Édouard; Saint-Michel; Saint-Rémi; Saint-Patrice-de-Sherrington; Saint-Jacques-le-Mineur,0
37,2468045.00,8551,Saint-Édouard; Saint-Michel; Saint-Rémi; Saint-Patrice-de-Sherrington; Saint-Jacques-le-Mineur,0
38,2468050.00,8551,Saint-Édouard; Saint-Michel; Saint-Rémi; Saint-Patrice-de-Sherrington; Saint-Jacques-le-Mineur,0
39,2468055.00,8551,Saint-Édouard; Saint-Michel; Saint-Rémi; Saint-Patrice-de-Sherrington; Saint-Jacques-le-Mineur,0
40,2470005.00,8564,Sainte-Martine; Saint-Urbain-Premier,0
41,2470012.00,8564,Sainte-Martine; Saint-Urbain-Premier,0
42,2470030.00,8562,Salaberry-de-Valleyfield; Saint-Étienne-de-Beauharnois; Saint-Louis-de-Gonzague; Saint-Stanislas-de-Kostka,0
43,2470035.00,8562,Salaberry-de-Valleyfield; Saint-Étienne-de-Beauharnois; Saint-Louis-de-Gonzague; Saint-Stanislas-de-Kostka,0
44,2470040.00,8562,Salaberry-de-Valleyfield; Saint-Étienne-de-Beauharnois; Saint-Louis-de-Gonzague; Saint-Stanislas-de-Kostka,0
45,2470052.00,8562,Salaberry-de-Valleyfield; Saint-Étienne-de-Beauharnois; Saint-Louis-de-Gonzague; Saint-Stanislas-de-Kostka,0
46,2471005.00,8576,Rivière-Beaudette; Saint-Polycarpe; Saint-Télesphore; Saint-Zotique; Sainte-Justine-de-Newton; Sainte-Marthe; Très-Saint-Rédempteur,0
47,2471015.00,8576,Rivière-Beaudette; Saint-Polycarpe; Saint-Télesphore; Saint-Zotique; Sainte-Justine-de-Newton; Sainte-Marthe; Très-Saint-Rédempteur,0
48,2471020.00,8576,Rivière-Beaudette; Saint-Polycarpe; Saint-Télesphore; Saint-Zotique; Sainte-Justine-de-Newton; Sainte-Marthe; Très-Saint-Rédempteur,0
49,2471045.00,8571,Les Coteaux; Coteau-du-Lac; Saint-Clet; Les Cèdres,0
50,2471110.00,8576,Rivière-Beaudette; Saint-Polycarpe; Saint-Télesphore; Saint-Zotique; Sainte-Justine-de-Newton; Sainte-Marthe; Très-Saint-Rédempteur,0
51,2471115.00,8576,Rivière-Beaudette; Saint-Polycarpe; Saint-Télesphore; Saint-Zotique; Sainte-Justine-de-Newton; Sainte-Marthe; Très-Saint-Rédempteur,0
52,2471125.00,8576,Rivière-Beaudette; Saint-Polycarpe; Saint-Télesphore; Saint-Zotique; Sainte-Justine-de-Newton; Sainte-Marthe; Très-Saint-Rédempteur,0
53,2471133.00,8574,Hudson; Pointe-Fortune; Rigaud; Saint-Lazare,0
54,2471140.00,8574,Hudson; Pointe-Fortune; Rigaud; Saint-Lazare,0
55,2475028.00,7663,Prévost; Saint-Hippolyte; Sainte-Sophie,0
56,2475040.00,7663,Prévost; Saint-Hippolyte; Sainte-Sophie,0
57,2475045.00,7663,Prévost; Saint-Hippolyte; Sainte-Sophie,0
58,2476008.00,7681,Browsburg-Chatham; Gore; Lachute; Mille-Isles; Saint-André-d'Argenteuil; Wentworth,0
59,2476020.00,7681,Browsburg-Chatham; Gore; Lachute; Mille-Isles; Saint-André-d'Argenteuil; Wentworth,0
60,2476030.00,7681,Browsburg-Chatham; Gore; Lachute; Mille-Isles; Saint-André-d'Argenteuil; Wentworth,0
61,2476035.00,7681,Browsburg-Chatham; Gore; Lachute; Mille-Isles; Saint-André-d'Argenteuil; Wentworth,0
62,2476043.00,7681,Browsburg-Chatham; Gore; Lachute; Mille-Isles; Saint-André-d'Argenteuil; Wentworth,0
63,2477022.00,7691,Lac-des-Seizes-Îles; Morin-Heights; Piedmont; Sainte-Adèle; Saint-Adolphe-d'Howard; Sainte-Anne-des-Lacs; Saint-Sauveur; Wentworth-Nord,0
64,2477030.00,7691,Lac-des-Seizes-Îles; Morin-Heights; Piedmont; Sainte-Adèle; Saint-Adolphe-d'Howard; Sainte-Anne-des-Lacs; Saint-Sauveur; Wentworth-Nord,0
65,2477035.00,7691,Lac-des-Seizes-Îles; Morin-Heights; Piedmont; Sainte-Adèle; Saint-Adolphe-d'Howard; Sainte-Anne-des-Lacs; Saint-Sauveur; Wentworth-Nord,0
66,2477043.00,7691,Lac-des-Seizes-Îles; Morin-Heights; Piedmont; Sainte-Adèle; Saint-Adolphe-d'Howard; Sainte-Anne-des-Lacs; Saint-Sauveur; Wentworth-Nord,0
67,2477050.00,7691,Lac-des-Seizes-Îles; Morin-Heights; Piedmont; Sainte-Adèle; Saint-Adolphe-d'Howard; Sainte-Anne-des-Lacs; Saint-Sauveur; Wentworth-Nord,0
68,2477055.00,7691,Lac-des-Seizes-Îles; Morin-Heights; Piedmont; Sainte-Adèle; Saint-Adolphe-d'Howard; Sainte-Anne-des-Lacs; Saint-Sauveur; Wentworth-Nord,0
69,2477060.00,7691,Lac-des-Seizes-Îles; Morin-Heights; Piedmont; Sainte-Adèle; Saint-Adolphe-d'Howard; Sainte-Anne-des-Lacs; Saint-Sauveur; Wentworth-Nord,0
70,2477065.00,7691,Lac-des-Seizes-Îles; Morin-Heights; Piedmont; Sainte-Adèle; Saint-Adolphe-d'Howard; Sainte-Anne-des-Lacs; Saint-Sauveur; Wentworth-Nord,0
71,4620001.00,2047,Montréal : Mercier (Sud),1
72,4620002.00,2048,Montréal : Mercier (Tétreaultville),1
73,4620003.00,2048,Montréal : Mercier (Tétreaultville),1
74,4620004.00,2048,Montréal : Mercier (Tétreaultville),1
75,4620005.00,2047,Montréal : Mercier (Sud),1
76,4620006.00,2047,Montréal : Mercier (Sud),1
77,4620007.00,2048,Montréal : Mercier (Tétreaultville),1
78,4620008.00,2047,Montréal : Mercier (Sud),1
79,4620009.00,2047,Montréal : Mercier (Sud),1
80,4620010.00,2112,Montréal : Mercier (Longue-Pointe),1
81,4620011.00,2112,Montréal : Mercier (Longue-Pointe),1
82,4620012.01,2112,Montréal : Mercier (Longue-Pointe),1
83,4620012.02,2112,Montréal : Mercier (Longue-Pointe),1
84,4620013.00,2112,Montréal : Mercier (Longue-Pointe),1
85,4620014.02,2022,Montréal : Maisonneuve,1
86,4620014.03,2022,Montréal : Maisonneuve,1
87,4620014.04,2022,Montréal : Maisonneuve,1
88,4620015.00,2022,Montréal : Maisonneuve,1
89,4620016.00,2022,Montréal : Maisonneuve,1
90,4620017.00,2022,Montréal : Maisonneuve,1
91,4620018.00,2022,Montréal : Maisonneuve,1
92,4620019.00,2022,Montréal : Maisonneuve,1
93,4620021.00,2111,Montréal : Hochelaga,1
94,4620022.00,2111,Montréal : Hochelaga,1
95,4620023.00,2111,Montréal : Hochelaga,1
96,4620024.00,2111,Montréal : Hochelaga,1
97,4620025.00,2111,Montréal : Hochelaga,1
98,4620026.00,2111,Montréal : Hochelaga,1
99,4620027.00,2111,Montréal : Hochelaga,1
100,4620028.00,2111,Montréal : Hochelaga,1
101,4620029.00,2111,Montréal : Hochelaga,1
102,4620030.00,2111,Montréal : Hochelaga,1
103,4620031.00,2111,Montréal : Hochelaga,1
104,4620032.00,2090,Montréal : Ville-Marie (Sainte-Marie),1
105,4620033.00,2090,Montréal : Ville-Marie (Sainte-Marie),1
106,4620034.00,2090,Montréal : Ville-Marie (Sainte-Marie),1
107,4620035.00,2090,Montréal : Ville-Marie (Sainte-Marie),1
108,4620036.00,2090,Montréal : Ville-Marie (Sainte-Marie),1
109,4620037.00,2090,Montréal : Ville-Marie (Sainte-Marie),1
110,4620038.00,2090,Montréal : Ville-Marie (Sainte-Marie),1
111,4620039.00,2090,Montréal : Ville-Marie (Sainte-Marie),1
112,4620040.00,1097,Montréal : Ville-Marie (parc Jean-Drapeau),1
113,4620041.00,1096,Montréal : Ville-Marie (Faubourgs),1
114,4620042.00,1096,Montréal : Ville-Marie (Faubourgs),1
115,4620043.00,1096,Montréal : Ville-Marie (Faubourgs),1
116,4620044.00,1096,Montréal : Ville-Marie (Faubourgs),1
117,4620045.00,1096,Montréal : Ville-Marie (Faubourgs),1
118,4620046.00,1096,Montréal : Ville-Marie (Faubourgs),1
119,4620047.00,2090,Montréal : Ville-Marie (Sainte-Marie),1
120,4620048.00,2090,Montréal : Ville-Marie (Sainte-Marie),1
121,4620049.00,1096,Montréal : Ville-Marie (Faubourgs),1
122,4620050.00,1096,Montréal : Ville-Marie (Faubourgs),1
123,4620051.00,1096,Montréal : Ville-Marie (Faubourgs),1
124,4620052.00,1096,Montréal : Ville-Marie (Faubourgs),1
125,4620053.00,1096,Montréal : Ville-Marie (Faubourgs),1
126,4620054.00,1096,Montréal : Ville-Marie (Faubourgs),1
127,4620055.01,1098,"Montréal : Le Sud-Ouest (Griffintown), Ville-Marie (Vieux-Montréal, Cité-du-Havre)",1
128,4620055.02,1098,"Montréal : Le Sud-Ouest (Griffintown), Ville-Marie (Vieux-Montréal, Cité-du-Havre)",1
129,4620056.00,1101,Montréal : Ville-Marie (centre-ville),1
130,4620057.00,1101,Montréal : Ville-Marie (centre-ville),1
131,4620058.00,1101,Montréal : Ville-Marie (centre-ville),1
132,4620059.00,1101,Montréal : Ville-Marie (centre-ville),1
133,4620060.00,1101,Montréal : Ville-Marie (centre-ville),1
134,4620061.00,1101,Montréal : Ville-Marie (centre-ville),1
135,4620062.00,1101,Montréal : Ville-Marie (centre-ville),1
136,4620063.00,1101,Montréal : Ville-Marie (centre-ville),1
137,4620064.00,1101,Montréal : Ville-Marie (centre-ville),1
138,4620065.01,1102,Montréal : Ville-Marie (Shaughnessy),1
139,4620065.02,1102,Montréal : Ville-Marie (Shaughnessy),1
140,4620066.01,1102,Montréal : Ville-Marie (Shaughnessy),1
141,4620066.02,1102,Montréal : Ville-Marie (Shaughnessy),1
142,4620067.00,2094,"Montréal : Le Sud-Ouest (Saint-Henri, Petite-Bourgogne)",1
143,4620068.00,2094,"Montréal : Le Sud-Ouest (Saint-Henri, Petite-Bourgogne)",1
144,4620069.01,1098,"Montréal : Le Sud-Ouest (Griffintown), Ville-Marie (Vieux-Montréal, Cité-du-Havre)",1
145,4620069.02,1098,"Montréal : Le Sud-Ouest (Griffintown), Ville-Marie (Vieux-Montréal, Cité-du-Havre)",1
146,4620070.01,1098,"Montréal : Le Sud-Ouest (Griffintown), Ville-Marie (Vieux-Montréal, Cité-du-Havre)",1
147,4620070.02,1098,"Montréal : Le Sud-Ouest (Griffintown), Ville-Marie (Vieux-Montréal, Cité-du-Havre)",1
148,4620071.00,1098,"Montréal : Le Sud-Ouest (Griffintown), Ville-Marie (Vieux-Montréal, Cité-du-Havre)",1
149,4620072.00,2093,Montréal : Le Sud-Ouest (Pointe-Saint-Charles),1
150,4620073.00,2093,Montréal : Le Sud-Ouest (Pointe-Saint-Charles),1
151,4620074.00,2093,Montréal : Le Sud-Ouest (Pointe-Saint-Charles),1
152,4620075.00,2093,Montréal : Le Sud-Ouest (Pointe-Saint-Charles),1
153,4620076.00,2093,Montréal : Le Sud-Ouest (Pointe-Saint-Charles),1
154,4620077.00,2094,"Montréal : Le Sud-Ouest (Saint-Henri, Petite-Bourgogne)",1
155,4620078.00,2094,"Montréal : Le Sud-Ouest (Saint-Henri, Petite-Bourgogne)",1
156,4620079.00,2094,"Montréal : Le Sud-Ouest (Saint-Henri, Petite-Bourgogne)",1
157,4620080.00,2094,"Montréal : Le Sud-Ouest (Saint-Henri, Petite-Bourgogne)",1
158,4620081.00,2094,"Montréal : Le Sud-Ouest (Saint-Henri, Petite-Bourgogne)",1
159,4620082.00,2094,"Montréal : Le Sud-Ouest (Saint-Henri, Petite-Bourgogne)",1
160,4620083.00,2094,"Montréal : Le Sud-Ouest (Saint-Henri, Petite-Bourgogne)",1
161,4620084.00,2094,"Montréal : Le Sud-Ouest (Saint-Henri, Petite-Bourgogne)",1
162,4620085.00,2103,"Montréal : Le Sud-Ouest (Ville-Émard, Côte-Saint-Paul)",1
163,4620086.00,2103,"Montréal : Le Sud-Ouest (Ville-Émard, Côte-Saint-Paul)",1
164,4620087.00,2103,"Montréal : Le Sud-Ouest (Ville-Émard, Côte-Saint-Paul)",1
165,4620088.00,2103,"Montréal : Le Sud-Ouest (Ville-Émard, Côte-Saint-Paul)",1
166,4620089.00,2103,"Montréal : Le Sud-Ouest (Ville-Émard, Côte-Saint-Paul)",1
167,4620090.00,2103,"Montréal : Le Sud-Ouest (Ville-Émard, Côte-Saint-Paul)",1
168,4620091.00,2070,Montréal : Le Sud-Ouest (parc Angrignon),1
169,4620092.00,2103,"Montréal : Le Sud-Ouest (Ville-Émard, Côte-Saint-Paul)",1
170,4620093.00,2103,"Montréal : Le Sud-Ouest (Ville-Émard, Côte-Saint-Paul)",1
171,4620094.01,2035,"Montréal : Notre-Dame-de-Grâce (Saint-Raymond, Côte-Saint-Antoine)",1
172,4620094.02,2094,"Montréal : Le Sud-Ouest (Saint-Henri, Petite-Bourgogne)",1
173,4620095.00,2035,"Montréal : Notre-Dame-de-Grâce (Saint-Raymond, Côte-Saint-Antoine)",1
174,4620096.00,2035,"Montréal : Notre-Dame-de-Grâce (Saint-Raymond, Côte-Saint-Antoine)",1
175,4620097.01,2104,Montréal : Notre-Dame-de-Grâce (Loyola),1
176,4620097.02,2104,Montréal : Notre-Dame-de-Grâce (Loyola),1
177,4620098.00,2104,Montréal : Notre-Dame-de-Grâce (Loyola),1
178,4620099.00,2104,Montréal : Notre-Dame-de-Grâce (Loyola),1
179,4620100.01,2104,Montréal : Notre-Dame-de-Grâce (Loyola),1
180,4620100.02,2104,Montréal : Notre-Dame-de-Grâce (Loyola),1
181,4620101.01,2104,Montréal : Notre-Dame-de-Grâce (Loyola),1
182,4620101.02,2104,Montréal : Notre-Dame-de-Grâce (Loyola),1
183,4620102.00,2104,Montréal : Notre-Dame-de-Grâce (Loyola),1
184,4620103.00,2104,Montréal : Notre-Dame-de-Grâce (Loyola),1
185,4620104.00,2035,"Montréal : Notre-Dame-de-Grâce (Saint-Raymond, Côte-Saint-Antoine)",1
186,4620105.00,2035,"Montréal : Notre-Dame-de-Grâce (Saint-Raymond, Côte-Saint-Antoine)",1
187,4620106.00,2035,"Montréal : Notre-Dame-de-Grâce (Saint-Raymond, Côte-Saint-Antoine)",1
188,4620107.00,2035,"Montréal : Notre-Dame-de-Grâce (Saint-Raymond, Côte-Saint-Antoine)",1
189,4620108.00,2035,"Montréal : Notre-Dame-de-Grâce (Saint-Raymond, Côte-Saint-Antoine)",1
190,4620109.00,2043,Montréal : Côte-des-Neiges (Snowdon),1
191,4620110.00,2057,Montréal : Côte-des-Neiges (Coolbrook),1
192,4620111.00,2057,Montréal : Côte-des-Neiges (Coolbrook),1
193,4620112.01,2042,"Mont-Royal (Ouest); Montréal : Côte-des-Neiges (Namur-De la Savane, Plamondon)",1
194,4620112.02,2042,"Mont-Royal (Ouest); Montréal : Côte-des-Neiges (Namur-De la Savane, Plamondon)",1
195,4620113.00,2043,Montréal : Côte-des-Neiges (Snowdon),1
196,4620114.00,2043,Montréal : Côte-des-Neiges (Snowdon),1
197,4620115.01,2043,Montréal : Côte-des-Neiges (Snowdon),1
198,4620115.02,2043,Montréal : Côte-des-Neiges (Snowdon),1
199,4620116.00,2043,Montréal : Côte-des-Neiges (Snowdon),1
200,4620117.00,2042,"Mont-Royal (Ouest); Montréal : Côte-des-Neiges (Namur-De la Savane, Plamondon)",1
201,4620118.00,2042,"Mont-Royal (Ouest); Montréal : Côte-des-Neiges (Namur-De la Savane, Plamondon)",1
202,4620119.00,2042,"Mont-Royal (Ouest); Montréal : Côte-des-Neiges (Namur-De la Savane, Plamondon)",1
203,4620120.01,2042,"Mont-Royal (Ouest); Montréal : Côte-des-Neiges (Namur-De la Savane, Plamondon)",1
204,4620120.02,2057,Montréal : Côte-des-Neiges (Coolbrook),1
205,4620121.00,2120,Mont-Royal (Est),1
206,4620122.00,2105,"Montréal : Côte-des-Neiges (Darlington, campus de la Montagne)",1
207,4620123.00,2105,"Montréal : Côte-des-Neiges (Darlington, campus de la Montagne)",1
208,4620124.00,2105,"Montréal : Côte-des-Neiges (Darlington, campus de la Montagne)",1
209,4620125.00,2121,Montréal : Outremont,1
210,4620126.00,2105,"Montréal : Côte-des-Neiges (Darlington, campus de la Montagne)",1
211,4620127.01,2105,"Montréal : Côte-des-Neiges (Darlington, campus de la Montagne)",1
212,4620127.02,2105,"Montréal : Côte-des-Neiges (Darlington, campus de la Montagne)",1
213,4620128.00,1027,Montréal : Ville-Marie (Montagne),1
214,4620129.01,1027,Montréal : Ville-Marie (Montagne),1
215,4620129.02,1027,Montréal : Ville-Marie (Montagne),1
216,4620130.00,1091,Montréal : Ville-Marie (Milton-Parc),1
217,4620131.00,1091,Montréal : Ville-Marie (Milton-Parc),1
218,4620132.00,1091,Montréal : Ville-Marie (Milton-Parc),1
219,4620133.00,1091,Montréal : Ville-Marie (Milton-Parc),1
220,4620134.00,1091,Montréal : Ville-Marie (Milton-Parc),1
221,4620135.00,2046,Montréal : Le Plateau-Mont-Royal (Saint-Louis),1
222,4620136.00,2046,Montréal : Le Plateau-Mont-Royal (Saint-Louis),1
223,4620137.00,1091,Montréal : Ville-Marie (Milton-Parc),1
224,4620138.00,2046,Montréal : Le Plateau-Mont-Royal (Saint-Louis),1
225,4620139.00,2046,Montréal : Le Plateau-Mont-Royal (Saint-Louis),1
226,4620140.00,2046,Montréal : Le Plateau-Mont-Royal (Saint-Louis),1
227,4620141.00,2046,Montréal : Le Plateau-Mont-Royal (Saint-Louis),1
228,4620142.00,2046,Montréal : Le Plateau-Mont-Royal (Saint-Louis),1
229,4620143.00,2046,Montréal : Le Plateau-Mont-Royal (Saint-Louis),1
230,4620144.00,2046,Montréal : Le Plateau-Mont-Royal (Saint-Louis),1
231,4620145.00,2050,Montréal : Le Plateau-Mont-Royal (parc La Fontaine),1
232,4620146.00,2046,Montréal : Le Plateau-Mont-Royal (Saint-Louis),1
233,4620147.00,2045,Montréal : Le Plateau-Mont-Royal (De Lorimier),1
234,4620148.00,2045,Montréal : Le Plateau-Mont-Royal (De Lorimier),1
235,4620149.00,2045,Montréal : Le Plateau-Mont-Royal (De Lorimier),1
236,4620150.00,2045,Montréal : Le Plateau-Mont-Royal (De Lorimier),1
237,4620151.00,2045,Montréal : Le Plateau-Mont-Royal (De Lorimier),1
238,4620152.00,2045,Montréal : Le Plateau-Mont-Royal (De Lorimier),1
239,4620153.00,2045,Montréal : Le Plateau-Mont-Royal (De Lorimier),1
240,4620154.00,2045,Montréal : Le Plateau-Mont-Royal (De Lorimier),1
241,4620155.00,2045,Montréal : Le Plateau-Mont-Royal (De Lorimier),1
242,4620156.00,2045,Montréal : Le Plateau-Mont-Royal (De Lorimier),1
243,4620157.00,2045,Montréal : Le Plateau-Mont-Royal (De Lorimier),1
244,4620158.00,2106,"Montréal : Le Plateau Mont-Royal (Mile-End, Laurier)",1
245,4620159.00,2106,"Montréal : Le Plateau Mont-Royal (Mile-End, Laurier)",1
246,4620160.00,2106,"Montréal : Le Plateau Mont-Royal (Mile-End, Laurier)",1
247,4620161.00,2106,"Montréal : Le Plateau Mont-Royal (Mile-End, Laurier)",1
248,4620162.00,2106,"Montréal : Le Plateau Mont-Royal (Mile-End, Laurier)",1
249,4620163.00,2106,"Montréal : Le Plateau Mont-Royal (Mile-End, Laurier)",1
250,4620164.00,2106,"Montréal : Le Plateau Mont-Royal (Mile-End, Laurier)",1
251,4620165.00,2106,"Montréal : Le Plateau Mont-Royal (Mile-End, Laurier)",1
252,4620166.00,2041,Montréal : La Petite-Patrie,1
253,4620167.00,2106,"Montréal : Le Plateau Mont-Royal (Mile-End, Laurier)",1
254,4620168.00,2106,"Montréal : Le Plateau Mont-Royal (Mile-End, Laurier)",1
255,4620169.00,2106,"Montréal : Le Plateau Mont-Royal (Mile-End, Laurier)",1
256,4620170.00,2106,"Montréal : Le Plateau Mont-Royal (Mile-End, Laurier)",1
257,4620171.00,2106,"Montréal : Le Plateau Mont-Royal (Mile-End, Laurier)",1
258,4620172.00,2106,"Montréal : Le Plateau Mont-Royal (Mile-End, Laurier)",1
259,4620173.00,2106,"Montréal : Le Plateau Mont-Royal (Mile-End, Laurier)",1
260,4620174.00,2106,"Montréal : Le Plateau Mont-Royal (Mile-End, Laurier)",1
261,4620175.00,2045,Montréal : Le Plateau-Mont-Royal (De Lorimier),1
262,4620176.00,2045,Montréal : Le Plateau-Mont-Royal (De Lorimier),1
263,4620177.00,2045,Montréal : Le Plateau-Mont-Royal (De Lorimier),1
264,4620178.00,2045,Montréal : Le Plateau-Mont-Royal (De Lorimier),1
265,4620179.00,2110,"Montréal : Rosemont (Vieux-Rosemont, Angus)",1
266,4620180.00,2110,"Montréal : Rosemont (Vieux-Rosemont, Angus)",1
267,4620181.00,2110,"Montréal : Rosemont (Vieux-Rosemont, Angus)",1
268,4620182.00,2110,"Montréal : Rosemont (Vieux-Rosemont, Angus)",1
269,4620183.00,2110,"Montréal : Rosemont (Vieux-Rosemont, Angus)",1
270,4620184.00,2110,"Montréal : Rosemont (Vieux-Rosemont, Angus)",1
271,4620185.00,2110,"Montréal : Rosemont (Vieux-Rosemont, Angus)",1
272,4620186.00,2110,"Montréal : Rosemont (Vieux-Rosemont, Angus)",1
273,4620187.01,2110,"Montréal : Rosemont (Vieux-Rosemont, Angus)",1
274,4620187.03,2110,"Montréal : Rosemont (Vieux-Rosemont, Angus)",1
275,4620187.04,2110,"Montréal : Rosemont (Vieux-Rosemont, Angus)",1
276,4620188.01,2110,"Montréal : Rosemont (Vieux-Rosemont, Angus)",1
277,4620188.02,2110,"Montréal : Rosemont (Vieux-Rosemont, Angus)",1
278,4620189.00,2055,Montréal : Rosemont (Nouveau-Rosemont),1
279,4620190.01,2112,Montréal : Mercier (Longue-Pointe),1
280,4620190.02,2055,Montréal : Rosemont (Nouveau-Rosemont),1
281,4620191.00,2112,Montréal : Mercier (Longue-Pointe),1
282,4620192.00,2048,Montréal : Mercier (Tétreaultville),1
283,4620193.00,2048,Montréal : Mercier (Tétreaultville),1
284,4620194.01,2048,Montréal : Mercier (Tétreaultville),1
285,4620194.02,2048,Montréal : Mercier (Tétreaultville),1
286,4620195.01,2055,Montréal : Rosemont (Nouveau-Rosemont),1
287,4620195.02,3071,Montréal : Anjou (Galeries-d'Anjou),1
288,4620195.03,3071,Montréal : Anjou (Galeries-d'Anjou),1
289,4620196.00,2055,Montréal : Rosemont (Nouveau-Rosemont),1
290,4620197.00,2055,Montréal : Rosemont (Nouveau-Rosemont),1
291,4620198.00,2055,Montréal : Rosemont (Nouveau-Rosemont),1
292,4620199.00,2055,Montréal : Rosemont (Nouveau-Rosemont),1
293,4620200.00,2055,Montréal : Rosemont (Nouveau-Rosemont),1
294,4620201.00,2036,Montréal : Rosemont (Étienne-Desmarteau),1
295,4620202.00,2036,Montréal : Rosemont (Étienne-Desmarteau),1
296,4620203.00,2036,Montréal : Rosemont (Étienne-Desmarteau),1
297,4620204.00,2036,Montréal : Rosemont (Étienne-Desmarteau),1
298,4620205.00,2036,Montréal : Rosemont (Étienne-Desmarteau),1
299,4620206.00,2036,Montréal : Rosemont (Étienne-Desmarteau),1
300,4620207.00,2041,Montréal : La Petite-Patrie,1
301,4620208.00,2041,Montréal : La Petite-Patrie,1
302,4620209.00,2041,Montréal : La Petite-Patrie,1
303,4620210.00,2041,Montréal : La Petite-Patrie,1
304,4620211.00,2041,Montréal : La Petite-Patrie,1
305,4620212.00,2041,Montréal : La Petite-Patrie,1
306,4620213.00,2041,Montréal : La Petite-Patrie,1
307,4620214.00,2041,Montréal : La Petite-Patrie,1
308,4620215.00,2041,Montréal : La Petite-Patrie,1
309,4620216.00,2041,Montréal : La Petite-Patrie,1
310,4620217.00,2041,Montréal : La Petite-Patrie,1
311,4620218.00,2041,Montréal : La Petite-Patrie,1
312,4620219.00,2041,Montréal : La Petite-Patrie,1
313,4620220.00,2095,Montréal : Parc-Extension,1
314,4620221.00,2095,Montréal : Parc-Extension,1
315,4620222.00,2095,Montréal : Parc-Extension,1
316,4620223.01,2095,Montréal : Parc-Extension,1
317,4620223.02,2095,Montréal : Parc-Extension,1
318,4620224.00,2095,Montréal : Parc-Extension,1
319,4620225.00,2107,Montréal : Villeray,1
320,4620226.00,2107,Montréal : Villeray,1
321,4620227.00,2107,Montréal : Villeray,1
322,4620228.00,2107,Montréal : Villeray,1
323,4620229.00,2053,Montréal : Villeray (parc Jarry),1
324,4620230.00,2107,Montréal : Villeray,1
325,4620231.00,2107,Montréal : Villeray,1
326,4620232.00,2107,Montréal : Villeray,1
327,4620233.00,2107,Montréal : Villeray,1
328,4620234.00,2107,Montréal : Villeray,1
329,4620235.00,2107,Montréal : Villeray,1
330,4620236.00,2107,Montréal : Villeray,1
331,4620237.00,2107,Montréal : Villeray,1
332,4620238.00,2107,Montréal : Villeray,1
333,4620239.00,2107,Montréal : Villeray,1
334,4620240.00,2107,Montréal : Villeray,1
335,4620241.00,2107,Montréal : Villeray,1
336,4620242.00,2107,Montréal : Villeray,1
337,4620243.00,2107,Montréal : Villeray,1
338,4620244.00,2107,Montréal : Villeray,1
339,4620245.00,2107,Montréal : Villeray,1
340,4620247.00,2041,Montréal : La Petite-Patrie,1
341,4620249.00,2109,Montréal : Saint-Michel (Sud),1
342,4620250.00,2109,Montréal : Saint-Michel (Sud),1
343,4620251.01,2109,Montréal : Saint-Michel (Sud),1
344,4620251.02,2109,Montréal : Saint-Michel (Sud),1
345,4620252.00,2109,Montréal : Saint-Michel (Sud),1
346,4620253.00,2109,Montréal : Saint-Michel (Sud),1
347,4620254.00,2109,Montréal : Saint-Michel (Sud),1
348,4620256.00,2049,Montréal : Saint-Michel (Nord),1
349,4620257.00,2049,Montréal : Saint-Michel (Nord),1
350,4620258.00,2049,Montréal : Saint-Michel (Nord),1
351,4620259.00,2049,Montréal : Saint-Michel (Nord),1
352,4620260.00,2049,Montréal : Saint-Michel (Nord),1
353,4620261.00,2049,Montréal : Saint-Michel (Nord),1
354,4620262.00,2049,Montréal : Saint-Michel (Nord),1
355,4620263.00,2049,Montréal : Saint-Michel (Nord),1
356,4620264.01,2039,Montréal : Ahuntsic (Saint-Sulpice),1
357,4620264.02,2039,Montréal : Ahuntsic (Saint-Sulpice),1
358,4620265.00,2039,Montréal : Ahuntsic (Saint-Sulpice),1
359,4620266.00,2039,Montréal : Ahuntsic (Saint-Sulpice),1
360,4620267.00,2039,Montréal : Ahuntsic (Saint-Sulpice),1
361,4620268.01,2108,Montréal : Ahuntsic (Nouveau-Bordeaux),1
362,4620268.02,2108,Montréal : Ahuntsic (Nouveau-Bordeaux),1
363,4620268.03,2108,Montréal : Ahuntsic (Nouveau-Bordeaux),1
364,4620269.00,2092,Montréal : Ahuntsic (Sault-au-Récollet),1
365,4620270.00,2092,Montréal : Ahuntsic (Sault-au-Récollet),1
366,4620271.00,2092,Montréal : Ahuntsic (Sault-au-Récollet),1
367,4620272.00,2056,Montréal : Ahuntsic (La Visitation),1
368,4620273.00,2056,Montréal : Ahuntsic (La Visitation),1
369,4620274.00,2056,Montréal : Ahuntsic (La Visitation),1
370,4620275.00,2056,Montréal : Ahuntsic (La Visitation),1
371,4620276.00,2056,Montréal : Ahuntsic (La Visitation),1
372,4620277.00,2056,Montréal : Ahuntsic (La Visitation),1
373,4620278.00,2092,Montréal : Ahuntsic (Sault-au-Récollet),1
374,4620279.00,2092,Montréal : Ahuntsic (Sault-au-Récollet),1
375,4620280.00,2092,Montréal : Ahuntsic (Sault-au-Récollet),1
376,4620281.00,2092,Montréal : Ahuntsic (Sault-au-Récollet),1
377,4620282.00,2108,Montréal : Ahuntsic (Nouveau-Bordeaux),1
378,4620283.01,2108,Montréal : Ahuntsic (Nouveau-Bordeaux),1
379,4620283.02,2108,Montréal : Ahuntsic (Nouveau-Bordeaux),1
380,4620284.00,2108,Montréal : Ahuntsic (Nouveau-Bordeaux),1
381,4620285.00,2060,Montréal : Cartierville,1
382,4620286.00,2060,Montréal : Cartierville,1
383,4620287.01,2060,Montréal : Cartierville,1
384,4620287.02,2060,Montréal : Cartierville,1
385,4620288.00,2060,Montréal : Cartierville,1
386,4620290.01,3114,Montréal : Rivière-des-Prairies (Ouest),1
387,4620290.02,3115,Montréal : Rivière-des-Prairies (Est),1
388,4620290.03,3114,Montréal : Rivière-des-Prairies (Ouest),1
389,4620290.04,3115,Montréal : Rivière-des-Prairies (Est),1
390,4620290.05,3114,Montréal : Rivière-des-Prairies (Ouest),1
391,4620290.06,3114,Montréal : Rivière-des-Prairies (Ouest),1
392,4620290.07,3114,Montréal : Rivière-des-Prairies (Ouest),1
393,4620290.08,3114,Montréal : Rivière-des-Prairies (Ouest),1
394,4620290.09,3114,Montréal : Rivière-des-Prairies (Ouest),1
395,4620291.01,3115,Montréal : Rivière-des-Prairies (Est),1
396,4620291.03,3115,Montréal : Rivière-des-Prairies (Est),1
397,4620291.04,3115,Montréal : Rivière-des-Prairies (Est),1
398,4620300.00,2145,Montréal : Verdun (Centre),1
399,4620301.00,2145,Montréal : Verdun (Centre),1
400,4620302.00,2145,Montréal : Verdun (Centre),1
401,4620303.00,2145,Montréal : Verdun (Centre),1
402,4620304.00,2145,Montréal : Verdun (Centre),1
403,4620305.00,2145,Montréal : Verdun (Centre),1
404,4620306.00,2145,Montréal : Verdun (Centre),1
405,4620307.00,2145,Montréal : Verdun (Centre),1
406,4620308.00,2145,Montréal : Verdun (Centre),1
407,4620309.00,2145,Montréal : Verdun (Centre),1
408,4620310.00,2142,Montréal : Verdun (Desmarchais-Crawford),1
409,4620311.00,2142,Montréal : Verdun (Desmarchais-Crawford),1
410,4620312.00,2142,Montréal : Verdun (Desmarchais-Crawford),1
411,4620313.00,2142,Montréal : Verdun (Desmarchais-Crawford),1
412,4620314.00,2142,Montréal : Verdun (Desmarchais-Crawford),1
413,4620315.00,2142,Montréal : Verdun (Desmarchais-Crawford),1
414,4620316.00,2142,Montréal : Verdun (Desmarchais-Crawford),1
415,4620317.03,2143,Montréal : Verdun (L'Île-des-Sœurs),1
416,4620317.05,2143,Montréal : Verdun (L'Île-des-Sœurs),1
417,4620317.06,2143,Montréal : Verdun (L'Île-des-Sœurs),1
418,4620317.07,2143,Montréal : Verdun (L'Île-des-Sœurs),1
419,4620317.08,2143,Montréal : Verdun (L'Île-des-Sœurs),1
420,4620320.00,4127,Montréal : LaSalle (Village-des-Rapides),1
421,4620321.00,4127,Montréal : LaSalle (Village-des-Rapides),1
422,4620322.02,4127,Montréal : LaSalle (Village-des-Rapides),1
423,4620322.03,4127,Montréal : LaSalle (Village-des-Rapides),1
424,4620322.04,4127,Montréal : LaSalle (Village-des-Rapides),1
425,4620323.00,4127,Montréal : LaSalle (Village-des-Rapides),1
426,4620324.01,4128,Montréal : LaSalle (Ouest),1
427,4620324.02,4128,Montréal : LaSalle (Ouest),1
428,4620325.01,4128,Montréal : LaSalle (Ouest),1
429,4620325.02,4125,Montréal : LaSalle (Est),1
430,4620325.03,4125,Montréal : LaSalle (Est),1
431,4620325.05,4125,Montréal : LaSalle (Est),1
432,4620325.06,4125,Montréal : LaSalle (Est),1
433,4620326.01,4125,Montréal : LaSalle (Est),1
434,4620326.02,4128,Montréal : LaSalle (Ouest),1
435,4620326.03,4125,Montréal : LaSalle (Est),1
436,4620327.00,4128,Montréal : LaSalle (Ouest),1
437,4620328.00,4128,Montréal : LaSalle (Ouest),1
438,4620329.00,4128,Montréal : LaSalle (Ouest),1
439,4620330.00,4126,Montréal : Lachine (Saint-Pierre); Montréal-Ouest,1
440,4620340.00,4126,Montréal : Lachine (Saint-Pierre); Montréal-Ouest,1
441,4620350.00,2122,Westmount,1
442,4620351.00,2122,Westmount,1
443,4620352.00,2122,Westmount,1
444,4620353.00,2122,Westmount,1
445,4620354.00,2122,Westmount,1
446,4620355.00,2122,Westmount,1
447,4620356.00,2122,Westmount,1
448,4620360.00,2121,Montréal : Outremont,1
449,4620361.00,2105,"Montréal : Côte-des-Neiges (Darlington, campus de la Montagne)",1
450,4620362.00,2121,Montréal : Outremont,1
451,4620363.00,2121,Montréal : Outremont,1
452,4620364.00,2121,Montréal : Outremont,1
453,4620365.00,2121,Montréal : Outremont,1
454,4620366.00,2121,Montréal : Outremont,1
455,4620367.00,2121,Montréal : Outremont,1
456,4620370.00,4124,Côte-Saint-Luc; Hampstead,1
457,4620380.00,4124,Côte-Saint-Luc; Hampstead,1
458,4620381.00,4126,Montréal : Lachine (Saint-Pierre); Montréal-Ouest,1
459,4620382.01,4124,Côte-Saint-Luc; Hampstead,1
460,4620382.02,4124,Côte-Saint-Luc; Hampstead,1
461,4620383.01,4124,Côte-Saint-Luc; Hampstead,1
462,4620383.02,4124,Côte-Saint-Luc; Hampstead,1
463,4620385.00,2057,Montréal : Côte-des-Neiges (Coolbrook),1
464,4620390.00,4129,"Montréal : Lachine (Est, parc industriel)",1
465,4620391.00,4129,"Montréal : Lachine (Est, parc industriel)",1
466,4620392.00,4129,"Montréal : Lachine (Est, parc industriel)",1
467,4620393.00,4129,"Montréal : Lachine (Est, parc industriel)",1
468,4620394.00,4129,"Montréal : Lachine (Est, parc industriel)",1
469,4620395.01,4129,"Montréal : Lachine (Est, parc industriel)",1
470,4620395.02,4139,Montréal : Lachine (Ouest),1
471,4620395.03,4139,Montréal : Lachine (Ouest),1
472,4620396.00,4139,Montréal : Lachine (Ouest),1
473,4620397.00,4139,Montréal : Lachine (Ouest),1
474,4620400.00,2120,Mont-Royal (Est),1
475,4620401.00,2120,Mont-Royal (Est),1
476,4620402.00,2042,"Mont-Royal (Ouest); Montréal : Côte-des-Neiges (Namur-De la Savane, Plamondon)",1
477,4620403.00,2120,Mont-Royal (Est),1
478,4620404.00,2120,Mont-Royal (Est),1
479,4620410.01,4119,Montréal : Saint-Laurent (Nouveau-Saint-Laurent),1
480,4620410.02,4119,Montréal : Saint-Laurent (Nouveau-Saint-Laurent),1
481,4620410.03,4038,"Montréal : Saint-Laurent (Hodge-Lebeau, Chameran)",1
482,4620412.00,4023,Montréal : Saint-Laurent (Vieux-Saint-Laurent),1
483,4620413.01,4023,Montréal : Saint-Laurent (Vieux-Saint-Laurent),1
484,4620413.02,4023,Montréal : Saint-Laurent (Vieux-Saint-Laurent),1
485,4620415.03,4023,Montréal : Saint-Laurent (Vieux-Saint-Laurent),1
486,4620415.04,4023,Montréal : Saint-Laurent (Vieux-Saint-Laurent),1
487,4620415.07,4089,"Montréal : Saint-Laurent (Bois-Franc, parc industriel)",1
488,4620415.08,4089,"Montréal : Saint-Laurent (Bois-Franc, parc industriel)",1
489,4620415.09,4089,"Montréal : Saint-Laurent (Bois-Franc, parc industriel)",1
490,4620415.10,4089,"Montréal : Saint-Laurent (Bois-Franc, parc industriel)",1
491,4620416.01,2060,Montréal : Cartierville,1
492,4620416.02,4089,"Montréal : Saint-Laurent (Bois-Franc, parc industriel)",1
493,4620417.01,4119,Montréal : Saint-Laurent (Nouveau-Saint-Laurent),1
494,4620417.02,4119,Montréal : Saint-Laurent (Nouveau-Saint-Laurent),1
495,4620418.00,4023,Montréal : Saint-Laurent (Vieux-Saint-Laurent),1
496,4620419.00,4119,Montréal : Saint-Laurent (Nouveau-Saint-Laurent),1
497,4620420.00,4119,Montréal : Saint-Laurent (Nouveau-Saint-Laurent),1
498,4620421.03,4038,"Montréal : Saint-Laurent (Hodge-Lebeau, Chameran)",1
499,4620421.04,4038,"Montréal : Saint-Laurent (Hodge-Lebeau, Chameran)",1
500,4620421.05,4038,"Montréal : Saint-Laurent (Hodge-Lebeau, Chameran)",1
501,4620421.06,4038,"Montréal : Saint-Laurent (Hodge-Lebeau, Chameran)",1
502,4620430.00,4130,Dorval; L'Île-Dorval,1
503,4620431.00,4130,Dorval; L'Île-Dorval,1
504,4620432.00,4130,Dorval; L'Île-Dorval,1
505,4620433.00,4130,Dorval; L'Île-Dorval,1
506,4620440.00,4130,Dorval; L'Île-Dorval,1
507,4620450.00,4131,Pointe-Claire,1
508,4620451.00,4131,Pointe-Claire,1
509,4620452.00,4131,Pointe-Claire,1
510,4620453.01,4131,Pointe-Claire,1
511,4620453.02,4131,Pointe-Claire,1
512,4620460.00,4138,Beaconsfield,1
513,4620461.00,4138,Beaconsfield,1
514,4620462.01,4138,Beaconsfield,1
515,4620462.02,4138,Beaconsfield,1
516,4620470.01,4137,Kirkland,1
517,4620470.03,4137,Kirkland,1
518,4620470.04,4137,Kirkland,1
519,4620470.05,4137,Kirkland,1
520,4620480.00,4144,Baie-D'Urfé; Sainte-Anne-de-Bellevue; Senneville,1
521,4620490.00,4144,Baie-D'Urfé; Sainte-Anne-de-Bellevue; Senneville,1
522,4620491.00,4144,Baie-D'Urfé; Sainte-Anne-de-Bellevue; Senneville,1
523,4620500.00,4144,Baie-D'Urfé; Sainte-Anne-de-Bellevue; Senneville,1
524,4620511.01,4153,"Montréal : Pierrefonds (Est), Roxboro",1
525,4620511.02,4153,"Montréal : Pierrefonds (Est), Roxboro",1
526,4620512.02,4136,Montréal : Pierrefonds (Centre),1
527,4620512.03,4153,"Montréal : Pierrefonds (Est), Roxboro",1
528,4620512.04,4136,Montréal : Pierrefonds (Centre),1
529,4620513.01,4136,Montréal : Pierrefonds (Centre),1
530,4620513.02,4136,Montréal : Pierrefonds (Centre),1
531,4620514.01,4135,"Montréal : Pierrefonds (Ouest), Sainte-Geneviève",1
532,4620514.02,4135,"Montréal : Pierrefonds (Ouest), Sainte-Geneviève",1
533,4620515.01,4135,"Montréal : Pierrefonds (Ouest), Sainte-Geneviève",1
534,4620515.02,4135,"Montréal : Pierrefonds (Ouest), Sainte-Geneviève",1
535,4620515.03,4135,"Montréal : Pierrefonds (Ouest), Sainte-Geneviève",1
536,4620515.04,4135,"Montréal : Pierrefonds (Ouest), Sainte-Geneviève",1
537,4620520.02,4133,Dollard-Des-Ormeaux (Est),1
538,4620520.03,4133,Dollard-Des-Ormeaux (Est),1
539,4620520.04,4133,Dollard-Des-Ormeaux (Est),1
540,4620521.01,4132,Dollard-Des-Ormeaux (Ouest),1
541,4620521.04,4133,Dollard-Des-Ormeaux (Est),1
542,4620521.05,4132,Dollard-Des-Ormeaux (Ouest),1
543,4620521.06,4133,Dollard-Des-Ormeaux (Est),1
544,4620521.07,4132,Dollard-Des-Ormeaux (Ouest),1
545,4620522.01,4132,Dollard-Des-Ormeaux (Ouest),1
546,4620522.02,4132,Dollard-Des-Ormeaux (Ouest),1
547,4620523.00,4133,Dollard-Des-Ormeaux (Est),1
548,4620530.00,4153,"Montréal : Pierrefonds (Est), Roxboro",1
549,4620540.00,4135,"Montréal : Pierrefonds (Ouest), Sainte-Geneviève",1
550,4620550.02,4134,Montréal : L'Île-Bizard,1
551,4620550.03,4134,Montréal : L'Île-Bizard,1
552,4620550.04,4134,Montréal : L'Île-Bizard,1
553,4620570.00,3113,Montréal : Pointe-aux-Trembles (Ouest); Montréal-Est,1
554,4620580.01,3151,Montréal : Pointe-aux-Trembles (Est),1
555,4620580.02,3151,Montréal : Pointe-aux-Trembles (Est),1
556,4620580.03,3151,Montréal : Pointe-aux-Trembles (Est),1
557,4620581.01,3151,Montréal : Pointe-aux-Trembles (Est),1
558,4620581.02,3151,Montréal : Pointe-aux-Trembles (Est),1
559,4620582.01,3113,Montréal : Pointe-aux-Trembles (Ouest); Montréal-Est,1
560,4620582.02,3113,Montréal : Pointe-aux-Trembles (Ouest); Montréal-Est,1
561,4620583.00,3113,Montréal : Pointe-aux-Trembles (Ouest); Montréal-Est,1
562,4620584.00,3113,Montréal : Pointe-aux-Trembles (Ouest); Montréal-Est,1
563,4620585.01,3151,Montréal : Pointe-aux-Trembles (Est),1
564,4620585.02,3151,Montréal : Pointe-aux-Trembles (Est),1
565,4620590.01,3116,Montréal : Anjou (Nord-Est),1
566,4620590.02,3116,Montréal : Anjou (Nord-Est),1
567,4620591.01,3116,Montréal : Anjou (Nord-Est),1
568,4620591.02,3116,Montréal : Anjou (Nord-Est),1
569,4620592.00,3116,Montréal : Anjou (Nord-Est),1
570,4620593.01,3071,Montréal : Anjou (Galeries-d'Anjou),1
571,4620593.02,3071,Montréal : Anjou (Galeries-d'Anjou),1
572,4620594.01,3116,Montréal : Anjou (Nord-Est),1
573,4620594.02,3116,Montréal : Anjou (Nord-Est),1
574,4620600.01,3037,Montréal : Saint-Léonard (Sud),1
575,4620600.02,3037,Montréal : Saint-Léonard (Sud),1
576,4620600.03,3037,Montréal : Saint-Léonard (Sud),1
577,4620601.01,3037,Montréal : Saint-Léonard (Sud),1
578,4620601.02,3037,Montréal : Saint-Léonard (Sud),1
579,4620602.01,3037,Montréal : Saint-Léonard (Sud),1
580,4620602.02,3037,Montréal : Saint-Léonard (Sud),1
581,4620603.01,3117,Montréal : Saint-Léonard (Nord),1
582,4620603.02,3117,Montréal : Saint-Léonard (Nord),1
583,4620603.03,3117,Montréal : Saint-Léonard (Nord),1
584,4620604.01,3117,Montréal : Saint-Léonard (Nord),1
585,4620604.02,3117,Montréal : Saint-Léonard (Nord),1
586,4620604.03,3117,Montréal : Saint-Léonard (Nord),1
587,4620604.04,3117,Montréal : Saint-Léonard (Nord),1
588,4620604.05,3117,Montréal : Saint-Léonard (Nord),1
589,4620605.01,3117,Montréal : Saint-Léonard (Nord),1
590,4620605.02,3117,Montréal : Saint-Léonard (Nord),1
591,4620605.03,3117,Montréal : Saint-Léonard (Nord),1
592,4620605.04,3117,Montréal : Saint-Léonard (Nord),1
593,4620605.05,3117,Montréal : Saint-Léonard (Nord),1
594,4620610.01,3026,Montréal : Montréal-Nord (Est),1
595,4620610.02,3026,Montréal : Montréal-Nord (Est),1
596,4620610.03,3026,Montréal : Montréal-Nord (Est),1
597,4620610.04,3026,Montréal : Montréal-Nord (Est),1
598,4620610.05,3026,Montréal : Montréal-Nord (Est),1
599,4620610.06,3026,Montréal : Montréal-Nord (Est),1
600,4620610.07,3026,Montréal : Montréal-Nord (Est),1
601,4620611.01,3118,Montréal : Montréal-Nord (Ouest),1
602,4620611.02,3118,Montréal : Montréal-Nord (Ouest),1
603,4620612.00,3118,Montréal : Montréal-Nord (Ouest),1
604,4620613.00,3118,Montréal : Montréal-Nord (Ouest),1
605,4620614.00,3118,Montréal : Montréal-Nord (Ouest),1
606,4620615.00,3118,Montréal : Montréal-Nord (Ouest),1
607,4620616.00,3118,Montréal : Montréal-Nord (Ouest),1
608,4620617.01,3026,Montréal : Montréal-Nord (Est),1
609,4620617.02,3026,Montréal : Montréal-Nord (Est),1
610,4620618.00,3118,Montréal : Montréal-Nord (Ouest),1
611,4620619.00,3118,Montréal : Montréal-Nord (Ouest),1
612,4620625.01,6409,Laval : Saint-François,1
613,4620625.02,6409,Laval : Saint-François,1
614,4620626.00,6409,Laval : Saint-François,1
615,4620627.00,6407,"Laval : Duvernay, Saint-Vincent-de-Paul",1
616,4620628.01,6407,"Laval : Duvernay, Saint-Vincent-de-Paul",1
617,4620628.02,6407,"Laval : Duvernay, Saint-Vincent-de-Paul",1
618,4620629.00,6407,"Laval : Duvernay, Saint-Vincent-de-Paul",1
619,4620630.01,6407,"Laval : Duvernay, Saint-Vincent-de-Paul",1
620,4620630.02,6407,"Laval : Duvernay, Saint-Vincent-de-Paul",1
621,4620631.00,6407,"Laval : Duvernay, Saint-Vincent-de-Paul",1
622,4620632.01,6433,Laval : Vimont,1
623,4620632.02,6433,Laval : Vimont,1
624,4620632.03,6433,Laval : Vimont,1
625,4620632.04,6433,Laval : Vimont,1
626,4620633.00,6406,Laval : Pont-Viau,1
627,4620634.00,6406,Laval : Pont-Viau,1
628,4620635.00,6410,Laval : Laval-des-Rapides,1
629,4620636.00,6406,Laval : Pont-Viau,1
630,4620637.01,6406,Laval : Pont-Viau,1
631,4620637.02,6406,Laval : Pont-Viau,1
632,4620638.01,6410,Laval : Laval-des-Rapides,1
633,4620638.02,6410,Laval : Laval-des-Rapides,1
634,4620638.03,6410,Laval : Laval-des-Rapides,1
635,4620638.04,6410,Laval : Laval-des-Rapides,1
636,4620639.00,6410,Laval : Laval-des-Rapides,1
637,4620640.00,6410,Laval : Laval-des-Rapides,1
638,4620641.01,6410,Laval : Laval-des-Rapides,1
639,4620641.02,6410,Laval : Laval-des-Rapides,1
640,4620642.00,6406,Laval : Pont-Viau,1
641,4620643.01,6403,Laval : Chomedey (Nord),1
642,4620643.02,6403,Laval : Chomedey (Nord),1
643,4620643.03,6403,Laval : Chomedey (Nord),1
644,4620644.00,6414,Laval : Chomedey (Sud),1
645,4620645.00,6414,Laval : Chomedey (Sud),1
646,4620646.01,6414,Laval : Chomedey (Sud),1
647,4620646.02,6414,Laval : Chomedey (Sud),1
648,4620646.03,6414,Laval : Chomedey (Sud),1
649,4620647.01,6414,Laval : Chomedey (Sud),1
650,4620647.02,6414,Laval : Chomedey (Sud),1
651,4620648.00,6414,Laval : Chomedey (Sud),1
652,4620649.01,6414,Laval : Chomedey (Sud),1
653,4620649.02,6414,Laval : Chomedey (Sud),1
654,4620650.01,6414,Laval : Chomedey (Sud),1
655,4620650.02,6414,Laval : Chomedey (Sud),1
656,4620650.04,6403,Laval : Chomedey (Nord),1
657,4620650.05,6403,Laval : Chomedey (Nord),1
658,4620651.01,6403,Laval : Chomedey (Nord),1
659,4620651.02,6403,Laval : Chomedey (Nord),1
660,4620652.01,6402,"Laval : Sainte-Dorothée, Laval-sur-le-lac",1
661,4620652.04,6402,"Laval : Sainte-Dorothée, Laval-sur-le-lac",1
662,4620652.06,6402,"Laval : Sainte-Dorothée, Laval-sur-le-lac",1
663,4620652.07,6402,"Laval : Sainte-Dorothée, Laval-sur-le-lac",1
664,4620652.08,6402,"Laval : Sainte-Dorothée, Laval-sur-le-lac",1
665,4620652.09,6402,"Laval : Sainte-Dorothée, Laval-sur-le-lac",1
666,4620653.00,6402,"Laval : Sainte-Dorothée, Laval-sur-le-lac",1
667,4620654.00,6402,"Laval : Sainte-Dorothée, Laval-sur-le-lac",1
668,4620655.01,6401,Laval : Laval-Ouest,1
669,4620655.02,6401,Laval : Laval-Ouest,1
670,4620656.01,6401,Laval : Laval-Ouest,1
671,4620656.03,6401,Laval : Laval-Ouest,1
672,4620656.04,6401,Laval : Laval-Ouest,1
673,4620657.01,6415,Laval : Fabreville,1
674,4620657.02,6415,Laval : Fabreville,1
675,4620657.03,6415,Laval : Fabreville,1
676,4620658.01,6415,Laval : Fabreville,1
677,4620658.02,6415,Laval : Fabreville,1
678,4620658.03,6415,Laval : Fabreville,1
679,4620659.04,6404,Laval : Sainte-Rose,1
680,4620659.05,6404,Laval : Sainte-Rose,1
681,4620659.06,6404,Laval : Sainte-Rose,1
682,4620659.08,6404,Laval : Sainte-Rose,1
683,4620659.09,6404,Laval : Sainte-Rose,1
684,4620659.10,6404,Laval : Sainte-Rose,1
685,4620659.11,6404,Laval : Sainte-Rose,1
686,4620660.01,6405,Laval : Auteuil,1
687,4620660.02,6405,Laval : Auteuil,1
688,4620660.03,6405,Laval : Auteuil,1
689,4620661.01,6405,Laval : Auteuil,1
690,4620661.03,6405,Laval : Auteuil,1
691,4620661.04,6405,Laval : Auteuil,1
692,4620662.00,6409,Laval : Saint-François,1
693,4620675.00,7610,Repentigny (Centre),1
694,4620676.01,7610,Repentigny (Centre),1
695,4620676.02,7610,Repentigny (Centre),1
696,4620676.03,7610,Repentigny (Centre),1
697,4620676.04,7610,Repentigny (Centre),1
698,4620677.01,7610,Repentigny (Centre),1
699,4620677.02,7610,Repentigny (Centre),1
700,4620677.05,7610,Repentigny (Centre),1
701,4620677.07,7611,Repentigny (Est),1
702,4620677.09,7611,Repentigny (Est),1
703,4620677.10,7611,Repentigny (Est),1
704,4620677.11,7611,Repentigny (Est),1
705,4620677.12,7611,Repentigny (Est),1
706,4620677.13,7611,Repentigny (Est),1
707,4620677.14,7611,Repentigny (Est),1
708,4620681.00,7612,L'Assomption; Saint-Sulpice; L'Épiphanie,1
709,4620682.02,7609,"Charlemagne, Repentigny (Nord)",1
710,4620682.04,7609,"Charlemagne, Repentigny (Nord)",1
711,4620682.05,7609,"Charlemagne, Repentigny (Nord)",1
712,4620682.06,7609,"Charlemagne, Repentigny (Nord)",1
713,4620682.07,7609,"Charlemagne, Repentigny (Nord)",1
714,4620682.08,7609,"Charlemagne, Repentigny (Nord)",1
715,4620683.00,7609,"Charlemagne, Repentigny (Nord)",1
716,4620684.05,7621,Terrebonne : Lachenaie,1
717,4620684.08,7621,Terrebonne : Lachenaie,1
718,4620684.09,7621,Terrebonne : Lachenaie,1
719,4620684.10,7621,Terrebonne : Lachenaie,1
720,4620684.11,7621,Terrebonne : Lachenaie,1
721,4620684.12,7621,Terrebonne : Lachenaie,1
722,4620684.13,7621,Terrebonne : Lachenaie,1
723,4620684.14,7621,Terrebonne : Lachenaie,1
724,4620685.02,7623,Mascouche,1
725,4620685.03,7623,Mascouche,1
726,4620685.04,7623,Mascouche,1
727,4620685.05,7623,Mascouche,1
728,4620685.07,7623,Mascouche,1
729,4620685.09,7623,Mascouche,1
730,4620685.10,7623,Mascouche,1
731,4620685.11,7623,Mascouche,1
732,4620686.01,7623,Mascouche,1
733,4620686.02,7623,Mascouche,1
734,4620686.03,7623,Mascouche,1
735,4620687.01,7622,Terrebonne : Terrebonne (Centre),1
736,4620687.04,7622,Terrebonne : Terrebonne (Centre),1
737,4620687.06,7625,Terrebonne : Terrebonne (Ouest),1
738,4620687.07,7625,Terrebonne : Terrebonne (Ouest),1
739,4620687.09,7625,Terrebonne : Terrebonne (Ouest),1
740,4620687.11,7625,Terrebonne : Terrebonne (Ouest),1
741,4620687.12,7625,Terrebonne : Terrebonne (Ouest),1
742,4620687.13,7625,Terrebonne : Terrebonne (Ouest),1
743,4620687.14,7625,Terrebonne : Terrebonne (Ouest),1
744,4620688.02,7645,Sainte-Anne-des-Plaines,1
745,4620688.03,7645,Sainte-Anne-des-Plaines,1
746,4620688.04,7645,Sainte-Anne-des-Plaines,1
747,4620689.01,7624,Terrebonne : La Plaine,1
748,4620689.02,7624,Terrebonne : La Plaine,1
749,4620689.04,7624,Terrebonne : La Plaine,1
750,4620689.05,7624,Terrebonne : La Plaine,1
751,4620689.06,7624,Terrebonne : La Plaine,1
752,4620690.00,7601,Lavaltrie; Lanoraie,0
753,4620691.00,7601,Lavaltrie; Lanoraie,0
754,4620692.01,7612,L'Assomption; Saint-Sulpice; L'Épiphanie,1
755,4620692.02,7612,L'Assomption; Saint-Sulpice; L'Épiphanie,1
756,4620693.00,7612,L'Assomption; Saint-Sulpice; L'Épiphanie,1
757,4620694.01,7612,L'Assomption; Saint-Sulpice; L'Épiphanie,1
758,4620694.02,7612,L'Assomption; Saint-Sulpice; L'Épiphanie,1
759,4620700.01,7622,Terrebonne : Terrebonne (Centre),1
760,4620700.03,7622,Terrebonne : Terrebonne (Centre),1
761,4620700.04,7622,Terrebonne : Terrebonne (Centre),1
762,4620701.01,7644,Lorraine; Bois-des-Filion; Rosemère,1
763,4620701.02,7644,Lorraine; Bois-des-Filion; Rosemère,1
764,4620702.01,7644,Lorraine; Bois-des-Filion; Rosemère,1
765,4620702.02,7644,Lorraine; Bois-des-Filion; Rosemère,1
766,4620703.02,7644,Lorraine; Bois-des-Filion; Rosemère,1
767,4620703.03,7644,Lorraine; Bois-des-Filion; Rosemère,1
768,4620703.04,7644,Lorraine; Bois-des-Filion; Rosemère,1
769,4620704.01,7641,Boisbriand,1
770,4620704.04,7641,Boisbriand,1
771,4620704.05,7641,Boisbriand,1
772,4620704.06,7641,Boisbriand,1
773,4620704.08,7641,Boisbriand,1
774,4620704.09,7641,Boisbriand,1
775,4620705.01,7642,Sainte-Thérèse,1
776,4620705.02,7642,Sainte-Thérèse,1
777,4620706.00,7642,Sainte-Thérèse,1
778,4620707.00,7642,Sainte-Thérèse,1
779,4620708.01,7642,Sainte-Thérèse,1
780,4620708.02,7642,Sainte-Thérèse,1
781,4620709.01,7643,Blainville (Ouest),1
782,4620709.02,7646,Blainville (Est),1
783,4620710.03,7643,Blainville (Ouest),1
784,4620710.05,7646,Blainville (Est),1
785,4620710.06,7646,Blainville (Est),1
786,4620710.07,7643,Blainville (Ouest),1
787,4620710.08,7643,Blainville (Ouest),1
788,4620710.09,7646,Blainville (Est),1
789,4620710.10,7646,Blainville (Est),1
790,4620710.11,7646,Blainville (Est),1
791,4620725.03,7631,Saint-Eustache,1
792,4620725.04,7631,Saint-Eustache,1
793,4620725.06,7631,Saint-Eustache,1
794,4620725.07,7631,Saint-Eustache,1
795,4620725.09,7631,Saint-Eustache,1
796,4620725.10,7631,Saint-Eustache,1
797,4620726.01,7631,Saint-Eustache,1
798,4620726.03,7631,Saint-Eustache,1
799,4620726.04,7631,Saint-Eustache,1
800,4620727.01,7631,Saint-Eustache,1
801,4620727.02,7631,Saint-Eustache,1
802,4620728.01,7632,Deux-Montagnes,1
803,4620728.02,7632,Deux-Montagnes,1
804,4620728.03,7632,Deux-Montagnes,1
805,4620729.00,7632,Deux-Montagnes,1
806,4620730.01,7633,"Pointe-Calumet; Saint-Joseph-du-Lac; Oka, Sainte-Marthe-sur-le-lac; Saint-Placide",1
807,4620730.02,7633,"Pointe-Calumet; Saint-Joseph-du-Lac; Oka, Sainte-Marthe-sur-le-lac; Saint-Placide",1
808,4620731.00,7633,"Pointe-Calumet; Saint-Joseph-du-Lac; Oka, Sainte-Marthe-sur-le-lac; Saint-Placide",1
809,4620732.01,7633,"Pointe-Calumet; Saint-Joseph-du-Lac; Oka, Sainte-Marthe-sur-le-lac; Saint-Placide",1
810,4620732.03,7634,Kanesatake,1
811,4620732.04,7633,"Pointe-Calumet; Saint-Joseph-du-Lac; Oka, Sainte-Marthe-sur-le-lac; Saint-Placide",1
812,4620733.01,7651,Mirabel (Ouest),1
813,4620733.02,7633,"Pointe-Calumet; Saint-Joseph-du-Lac; Oka, Sainte-Marthe-sur-le-lac; Saint-Placide",0
814,4620734.03,7651,Mirabel (Ouest),1
815,4620734.04,7651,Mirabel (Ouest),1
816,4620734.05,7651,Mirabel (Ouest),1
817,4620734.06,7651,Mirabel (Ouest),1
818,4620734.07,7651,Mirabel (Ouest),1
819,4620735.01,7652,"Mirabel : Saint-Antoine, Saint-Janvier",1
820,4620735.02,7652,"Mirabel : Saint-Antoine, Saint-Janvier",1
821,4620740.01,7681,Browsburg-Chatham; Gore; Lachute; Mille-Isles; Saint-André-d'Argenteuil; Wentworth,0
822,4620740.03,7662,Saint-Colomban,0
823,4620740.04,7662,Saint-Colomban,0
824,4620750.01,8572,Notre-Dame-de-l'Île-Perrot; Pincourt; Terrasse-Vaudreuil; L'Île-Perrot,1
825,4620750.02,8572,Notre-Dame-de-l'Île-Perrot; Pincourt; Terrasse-Vaudreuil; L'Île-Perrot,1
826,4620750.04,8572,Notre-Dame-de-l'Île-Perrot; Pincourt; Terrasse-Vaudreuil; L'Île-Perrot,1
827,4620750.06,8572,Notre-Dame-de-l'Île-Perrot; Pincourt; Terrasse-Vaudreuil; L'Île-Perrot,1
828,4620750.07,8572,Notre-Dame-de-l'Île-Perrot; Pincourt; Terrasse-Vaudreuil; L'Île-Perrot,1
829,4620751.01,8572,Notre-Dame-de-l'Île-Perrot; Pincourt; Terrasse-Vaudreuil; L'Île-Perrot,1
830,4620751.02,8572,Notre-Dame-de-l'Île-Perrot; Pincourt; Terrasse-Vaudreuil; L'Île-Perrot,1
831,4620755.01,8573,Vaudreuil-Dorion; Vaudreuil-sur-le-Lac; L'Île-Cadieux; Pointe-des-Cascades,1
832,4620755.03,8573,Vaudreuil-Dorion; Vaudreuil-sur-le-Lac; L'Île-Cadieux; Pointe-des-Cascades,1
833,4620755.04,8573,Vaudreuil-Dorion; Vaudreuil-sur-le-Lac; L'Île-Cadieux; Pointe-des-Cascades,1
834,4620755.05,8573,Vaudreuil-Dorion; Vaudreuil-sur-le-Lac; L'Île-Cadieux; Pointe-des-Cascades,1
835,4620756.02,8574,Hudson; Pointe-Fortune; Rigaud; Saint-Lazare,1
836,4620756.03,8573,Vaudreuil-Dorion; Vaudreuil-sur-le-Lac; L'Île-Cadieux; Pointe-des-Cascades,1
837,4620756.04,8573,Vaudreuil-Dorion; Vaudreuil-sur-le-Lac; L'Île-Cadieux; Pointe-des-Cascades,1
838,4620756.05,8573,Vaudreuil-Dorion; Vaudreuil-sur-le-Lac; L'Île-Cadieux; Pointe-des-Cascades,1
839,4620757.00,8574,Hudson; Pointe-Fortune; Rigaud; Saint-Lazare,1
840,4620758.03,8574,Hudson; Pointe-Fortune; Rigaud; Saint-Lazare,1
841,4620758.04,8574,Hudson; Pointe-Fortune; Rigaud; Saint-Lazare,1
842,4620758.05,8574,Hudson; Pointe-Fortune; Rigaud; Saint-Lazare,1
843,4620758.06,8574,Hudson; Pointe-Fortune; Rigaud; Saint-Lazare,1
844,4620760.00,8571,Les Coteaux; Coteau-du-Lac; Saint-Clet; Les Cèdres,1
845,4620775.00,8546,Châteauguay; Léry,1
846,4620776.00,8561,Beauharnois,1
847,4620777.01,8561,Beauharnois,1
848,4620777.02,8561,Beauharnois,1
849,4620780.00,7660,"Saint-Jérôme: Saint-Antoine, Lafontaine",0
850,4620781.00,7660,"Saint-Jérôme: Saint-Antoine, Lafontaine",0
851,4620782.00,7661,Saint-Jérôme: Bellefeuille,0
852,4620783.00,7661,Saint-Jérôme: Bellefeuille,0
853,4620784.00,7660,"Saint-Jérôme: Saint-Antoine, Lafontaine",0
854,4620785.00,7660,"Saint-Jérôme: Saint-Antoine, Lafontaine",0
855,4620786.00,7660,"Saint-Jérôme: Saint-Antoine, Lafontaine",0
856,4620787.01,7660,"Saint-Jérôme: Saint-Antoine, Lafontaine",0
857,4620787.02,7660,"Saint-Jérôme: Saint-Antoine, Lafontaine",0
858,4620788.00,7660,"Saint-Jérôme: Saint-Antoine, Lafontaine",0
859,4620789.01,7660,"Saint-Jérôme: Saint-Antoine, Lafontaine",0
860,4620789.02,7660,"Saint-Jérôme: Saint-Antoine, Lafontaine",0
861,4620790.01,7661,Saint-Jérôme: Bellefeuille,0
862,4620790.02,7661,Saint-Jérôme: Bellefeuille,0
863,4620791.01,7661,Saint-Jérôme: Bellefeuille,0
864,4620791.02,7661,Saint-Jérôme: Bellefeuille,0
865,4620792.00,7661,Saint-Jérôme: Bellefeuille,0
866,4620800.01,8546,Châteauguay; Léry,1
867,4620800.02,8546,Châteauguay; Léry,1
868,4620801.00,8546,Châteauguay; Léry,1
869,4620802.00,8546,Châteauguay; Léry,1
870,4620804.01,8546,Châteauguay; Léry,1
871,4620804.02,8546,Châteauguay; Léry,1
872,4620805.01,8546,Châteauguay; Léry,1
873,4620805.02,8546,Châteauguay; Léry,1
874,4620806.01,8546,Châteauguay; Léry,1
875,4620806.02,8546,Châteauguay; Léry,1
876,4620807.01,8545,Mercier; Saint-Isidore,1
877,4620807.02,8545,Mercier; Saint-Isidore,1
878,4620825.02,5308,"Brossard : Secteurs A, B, C, E, X",1
879,4620825.03,5308,"Brossard : Secteurs A, B, C, E, X",1
880,4620825.04,5315,"Brossard : Secteurs P, T, V",1
881,4620825.05,5315,"Brossard : Secteurs P, T, V",1
882,4620825.06,5308,"Brossard : Secteurs A, B, C, E, X",1
883,4620825.07,5308,"Brossard : Secteurs A, B, C, E, X",1
884,4620825.08,5308,"Brossard : Secteurs A, B, C, E, X",1
885,4620826.02,5312,"Brossard : Secteurs I, J, L, M, N, O, Y",1
886,4620826.05,5315,"Brossard : Secteurs P, T, V",1
887,4620826.06,5315,"Brossard : Secteurs P, T, V",1
888,4620826.07,5311,Brossard : Secteurs R et S,1
889,4620826.08,5311,Brossard : Secteurs R et S,1
890,4620826.09,5311,Brossard : Secteurs R et S,1
891,4620826.10,5311,Brossard : Secteurs R et S,1
892,4620826.11,5312,"Brossard : Secteurs I, J, L, M, N, O, Y",1
893,4620826.13,5312,"Brossard : Secteurs I, J, L, M, N, O, Y",1
894,4620826.15,5312,"Brossard : Secteurs I, J, L, M, N, O, Y",1
895,4620826.16,5312,"Brossard : Secteurs I, J, L, M, N, O, Y",1
896,4620827.02,8542,La Prairie,1
897,4620827.03,8542,La Prairie,1
898,4620827.04,8542,La Prairie,1
899,4620828.03,8543,Candiac; Saint-Philippe; Saint-Mathieu,1
900,4620828.04,8543,Candiac; Saint-Philippe; Saint-Mathieu,1
901,4620828.05,8543,Candiac; Saint-Philippe; Saint-Mathieu,1
902,4620828.06,8543,Candiac; Saint-Philippe; Saint-Mathieu,1
903,4620829.00,8548,Sainte-Catherine; Delson,1
904,4620830.01,8548,Sainte-Catherine; Delson,1
905,4620830.03,8548,Sainte-Catherine; Delson,1
906,4620830.04,8548,Sainte-Catherine; Delson,1
907,4620831.03,8544,Saint-Constant,1
908,4620831.04,8544,Saint-Constant,1
909,4620831.05,8544,Saint-Constant,1
910,4620831.07,8544,Saint-Constant,1
911,4620831.08,8544,Saint-Constant,1
912,4620831.09,8544,Saint-Constant,1
913,4620832.00,8547,Kahnawake,1
914,4620833.00,,,
915,4620834.00,8545,Mercier; Saint-Isidore,1
916,4620850.03,8521,Carignan; Chambly,1
917,4620850.04,8521,Carignan; Chambly,1
918,4620850.05,8521,Carignan; Chambly,1
919,4620850.06,8521,Carignan; Chambly,1
920,4620850.07,8521,Carignan; Chambly,1
921,4620851.00,8521,Carignan; Chambly,1
922,4620852.02,8521,Carignan; Chambly,1
923,4620852.03,8521,Carignan; Chambly,1
924,4620852.04,8521,Carignan; Chambly,1
925,4620852.05,8521,Carignan; Chambly,1
926,4620853.02,8522,Saint-Basile-le-Grand,1
927,4620853.03,8522,Saint-Basile-le-Grand,1
928,4620853.04,8522,Saint-Basile-le-Grand,1
929,4620854.01,5310,Saint-Bruno-de-Montarville,1
930,4620854.02,5310,Saint-Bruno-de-Montarville,1
931,4620855.01,5310,Saint-Bruno-de-Montarville,1
932,4620855.03,5310,Saint-Bruno-de-Montarville,1
933,4620855.04,5310,Saint-Bruno-de-Montarville,1
934,4620856.00,5320,Longueuil :  Saint-Hubert (Aéroport),1
935,4620857.01,5307,"Longueuil : Saint-Hubert (Ouest), Greenfield Park (Est)",1
936,4620857.02,5307,"Longueuil : Saint-Hubert (Ouest), Greenfield Park (Est)",1
937,4620857.06,5307,"Longueuil : Saint-Hubert (Ouest), Greenfield Park (Est)",1
938,4620857.07,5313,Longueuil : Saint-Hubert (Est),1
939,4620857.08,5313,Longueuil : Saint-Hubert (Est),1
940,4620857.09,5313,Longueuil : Saint-Hubert (Est),1
941,4620857.10,5313,Longueuil : Saint-Hubert (Est),1
942,4620857.11,5307,"Longueuil : Saint-Hubert (Ouest), Greenfield Park (Est)",1
943,4620857.12,5307,"Longueuil : Saint-Hubert (Ouest), Greenfield Park (Est)",1
944,4620858.01,5307,"Longueuil : Saint-Hubert (Ouest), Greenfield Park (Est)",1
945,4620858.02,5307,"Longueuil : Saint-Hubert (Ouest), Greenfield Park (Est)",1
946,4620858.04,5313,Longueuil : Saint-Hubert (Est),1
947,4620858.05,5313,Longueuil : Saint-Hubert (Est),1
948,4620859.00,5308,"Brossard : Secteurs A, B, C, E, X",1
949,4620860.01,5307,"Longueuil : Saint-Hubert (Ouest), Greenfield Park (Est)",1
950,4620860.02,5305,"Longueuil : Lemoyne, Saint-Hubert (Laflèche), Greenfield Park (Ouest)",1
951,4620861.00,5305,"Longueuil : Lemoyne, Saint-Hubert (Laflèche), Greenfield Park (Ouest)",1
952,4620862.00,5304,Saint-Lambert,1
953,4620863.01,5304,Saint-Lambert,1
954,4620863.02,5304,Saint-Lambert,1
955,4620864.00,5304,Saint-Lambert,1
956,4620865.00,5301,Longueuil : Vieux-Longueuil,1
957,4620866.00,5305,"Longueuil : Lemoyne, Saint-Hubert (Laflèche), Greenfield Park (Ouest)",1
958,4620867.00,5305,"Longueuil : Lemoyne, Saint-Hubert (Laflèche), Greenfield Park (Ouest)",1
959,4620868.01,5305,"Longueuil : Lemoyne, Saint-Hubert (Laflèche), Greenfield Park (Ouest)",1
960,4620868.02,5305,"Longueuil : Lemoyne, Saint-Hubert (Laflèche), Greenfield Park (Ouest)",1
961,4620869.00,5303,Longueuil : De Lyon,1
962,4620870.01,5303,Longueuil : De Lyon,1
963,4620870.02,5303,Longueuil : De Lyon,1
964,4620871.01,5303,Longueuil : De Lyon,1
965,4620871.02,5303,Longueuil : De Lyon,1
966,4620872.00,5303,Longueuil : De Lyon,1
967,4620873.01,5303,Longueuil : De Lyon,1
968,4620873.02,5303,Longueuil : De Lyon,1
969,4620874.00,5321,Longueuil :  Vieux-Longueuil (CEGEP Edouard-Montpetit),1
970,4620875.00,5321,Longueuil :  Vieux-Longueuil (CEGEP Edouard-Montpetit),1
971,4620876.01,5320,Longueuil :  Saint-Hubert (Aéroport),1
972,4620876.04,5320,Longueuil :  Saint-Hubert (Aéroport),1
973,4620876.05,5302,Longueuil : Longueuil Est,1
974,4620876.06,5320,Longueuil :  Saint-Hubert (Aéroport),1
975,4620876.07,5320,Longueuil :  Saint-Hubert (Aéroport),1
976,4620877.01,5302,Longueuil : Longueuil Est,1
977,4620877.02,5321,Longueuil :  Vieux-Longueuil (CEGEP Edouard-Montpetit),1
978,4620878.00,5321,Longueuil :  Vieux-Longueuil (CEGEP Edouard-Montpetit),1
979,4620879.01,5301,Longueuil : Vieux-Longueuil,1
980,4620879.02,5301,Longueuil : Vieux-Longueuil,1
981,4620880.00,5301,Longueuil : Vieux-Longueuil,1
982,4620881.01,5301,Longueuil : Vieux-Longueuil,1
983,4620881.02,5301,Longueuil : Vieux-Longueuil,1
984,4620882.00,5301,Longueuil : Vieux-Longueuil,1
985,4620883.00,5301,Longueuil : Vieux-Longueuil,1
986,4620884.01,5301,Longueuil : Vieux-Longueuil,1
987,4620884.02,5301,Longueuil : Vieux-Longueuil,1
988,4620885.00,5321,Longueuil :  Vieux-Longueuil (CEGEP Edouard-Montpetit),1
989,4620886.01,5302,Longueuil : Longueuil Est,1
990,4620886.02,5302,Longueuil : Longueuil Est,1
991,4620886.03,5302,Longueuil : Longueuil Est,1
992,4620887.03,5314,Boucherville (Nord),1
993,4620887.04,5314,Boucherville (Nord),1
994,4620887.05,5314,Boucherville (Nord),1
995,4620887.06,5314,Boucherville (Nord),1
996,4620887.07,5314,Boucherville (Nord),1
997,4620888.01,5309,Boucherville (Sud),1
998,4620888.02,5309,Boucherville (Sud),1
999,4620888.03,5309,Boucherville (Sud),1
1000,4620889.01,5309,Boucherville (Sud),1
1001,4620889.02,5309,Boucherville (Sud),1
1002,4620889.03,5309,Boucherville (Sud),1
1003,4620900.00,8523,Beloeil; Saint-Mathieu-de-Beloeil; McMasterville,1
1004,4620901.01,8523,Beloeil; Saint-Mathieu-de-Beloeil; McMasterville,1
1005,4620901.02,8523,Beloeil; Saint-Mathieu-de-Beloeil; McMasterville,1
1006,4620901.03,8523,Beloeil; Saint-Mathieu-de-Beloeil; McMasterville,1
1007,4620902.00,8523,Beloeil; Saint-Mathieu-de-Beloeil; McMasterville,1
1008,4620903.01,8531,Saint-Amable; Sainte-Julie,1
1009,4620903.04,8531,Saint-Amable; Sainte-Julie,1
1010,4620903.05,8531,Saint-Amable; Sainte-Julie,1
1011,4620903.08,8531,Saint-Amable; Sainte-Julie,1
1012,4620903.09,8531,Saint-Amable; Sainte-Julie,1
1013,4620903.10,8531,Saint-Amable; Sainte-Julie,1
1014,4620903.11,8531,Saint-Amable; Sainte-Julie,1
1015,4620903.12,8531,Saint-Amable; Sainte-Julie,1
1016,4620903.13,8523,Beloeil; Saint-Mathieu-de-Beloeil; McMasterville,1
1017,4620903.14,8531,Saint-Amable; Sainte-Julie,1
1018,4620904.02,8532,Verchères; Calixa-Lavallée; Varennes; Contrecoeur,1
1019,4620904.03,8532,Verchères; Calixa-Lavallée; Varennes; Contrecoeur,1
1020,4620904.04,8532,Verchères; Calixa-Lavallée; Varennes; Contrecoeur,1
1021,4620904.05,8532,Verchères; Calixa-Lavallée; Varennes; Contrecoeur,1
1022,4620904.06,8532,Verchères; Calixa-Lavallée; Varennes; Contrecoeur,1
1023,4620926.01,8501,"Marieville; Richelieu, Saint-Mathias-sur-Richelieu",1
1024,4620926.02,8501,"Marieville; Richelieu, Saint-Mathias-sur-Richelieu",1
1025,4620929.01,8524,Mont-Saint-Hilaire; Otterburn Park; Saint-Jean-Baptiste,1
1026,4620929.02,8524,Mont-Saint-Hilaire; Otterburn Park; Saint-Jean-Baptiste,1
1027,4620930.02,8524,Mont-Saint-Hilaire; Otterburn Park; Saint-Jean-Baptiste,1
1028,4620930.03,8524,Mont-Saint-Hilaire; Otterburn Park; Saint-Jean-Baptiste,1
1029,4620930.04,8524,Mont-Saint-Hilaire; Otterburn Park; Saint-Jean-Baptiste,1
1030,4621000.00,7612,L'Assomption; Saint-Sulpice; L'Épiphanie,0
1031,4621001.00,7612,L'Assomption; Saint-Sulpice; L'Épiphanie,0
1032,4621002.00,8532,Verchères; Calixa-Lavallée; Varennes; Contrecoeur,1
1033,4621003.00,8571,Les Coteaux; Coteau-du-Lac; Saint-Clet; Les Cèdres,0
1034,4621004.00,8571,Les Coteaux; Coteau-du-Lac; Saint-Clet; Les Cèdres,0
1035,4621005.00,8576,Rivière-Beaudette; Saint-Polycarpe; Saint-Télesphore; Saint-Zotique; Sainte-Justine-de-Newton; Sainte-Marthe; Très-Saint-Rédempteur,0
1036,4621006.01,7671,Saint-Calixte; Saint-Lin-Laurentides,0
1037,4621006.02,7671,Saint-Calixte; Saint-Lin-Laurentides,0
1038,4621006.03,7671,Saint-Calixte; Saint-Lin-Laurentides,0
1039,4621009.00,7672,"Saint-Alexis; Saint-Esprit, Saint-Jacques, Saint-Liguori; Saint-Roch-de-l'Achigan; Saint-Roch-Ouest; Sainte-Julienne; Sainte-Marie-Salomé",0
1040,4622001.00,8509,"Saint-Jean-sur-Richelieu : L'Acadie, Saint-Jean",0
1041,4622002.00,8509,"Saint-Jean-sur-Richelieu : L'Acadie, Saint-Jean",0
1042,4622003.00,8509,"Saint-Jean-sur-Richelieu : L'Acadie, Saint-Jean",0
1043,4622004.00,8509,"Saint-Jean-sur-Richelieu : L'Acadie, Saint-Jean",0
1044,4622005.00,8509,"Saint-Jean-sur-Richelieu : L'Acadie, Saint-Jean",0
1045,4622006.00,8509,"Saint-Jean-sur-Richelieu : L'Acadie, Saint-Jean",0
1046,4622007.00,8509,"Saint-Jean-sur-Richelieu : L'Acadie, Saint-Jean",0
1047,4622008.00,8509,"Saint-Jean-sur-Richelieu : L'Acadie, Saint-Jean",0
1048,4622009.00,8509,"Saint-Jean-sur-Richelieu : L'Acadie, Saint-Jean",0
1049,4622010.00,8509,"Saint-Jean-sur-Richelieu : L'Acadie, Saint-Jean",0
1050,4622011.00,8509,"Saint-Jean-sur-Richelieu : L'Acadie, Saint-Jean",0
1051,4622012.00,8509,"Saint-Jean-sur-Richelieu : L'Acadie, Saint-Jean",0
1052,4622013.00,8509,"Saint-Jean-sur-Richelieu : L'Acadie, Saint-Jean",0
1053,4622014.00,8510,Saint-Jean-sur-Richelieu : Saint-Luc,0
1054,4622015.00,8510,Saint-Jean-sur-Richelieu : Saint-Luc,0
1055,4622100.00,8509,"Saint-Jean-sur-Richelieu : L'Acadie, Saint-Jean",0
1056,4622101.00,8509,"Saint-Jean-sur-Richelieu : L'Acadie, Saint-Jean",0
1057,4622102.00,8509,"Saint-Jean-sur-Richelieu : L'Acadie, Saint-Jean",0
1058,4622103.00,8510,Saint-Jean-sur-Richelieu : Saint-Luc,0
1059,4622200.00,8510,Saint-Jean-sur-Richelieu : Saint-Luc,0
1060,4622201.00,8510,Saint-Jean-sur-Richelieu : Saint-Luc,0
1061,4622202.00,8510,Saint-Jean-sur-Richelieu : Saint-Luc,0
1062,4622203.00,8510,Saint-Jean-sur-Richelieu : Saint-Luc,0
1063,4622204.00,8510,Saint-Jean-sur-Richelieu : Saint-Luc,0
1064,4622205.00,8510,Saint-Jean-sur-Richelieu : Saint-Luc,0
1065,4622206.00,8510,Saint-Jean-sur-Richelieu : Saint-Luc,0
1066,4622207.00,8510,Saint-Jean-sur-Richelieu : Saint-Luc,0
1067,4622300.00,8512,"Saint-Jean-sur-Richelieu : Iberville, Saint-Athanase",0
1068,4622301.00,8512,"Saint-Jean-sur-Richelieu : Iberville, Saint-Athanase",0
1069,4622302.00,8512,"Saint-Jean-sur-Richelieu : Iberville, Saint-Athanase",0
1070,4622303.00,8512,"Saint-Jean-sur-Richelieu : Iberville, Saint-Athanase",0
1071,4622304.00,8512,"Saint-Jean-sur-Richelieu : Iberville, Saint-Athanase",0
1072,4622400.00,8512,"Saint-Jean-sur-Richelieu : Iberville, Saint-Athanase",0
1073,4622401.00,8512,"Saint-Jean-sur-Richelieu : Iberville, Saint-Athanase",0
1074,4622402.00,8512,"Saint-Jean-sur-Richelieu : Iberville, Saint-Athanase",0
